{"cameraMode":{"drawMode":0,"name":"Shaded","section":"Shading Mode"},"sceneLighting":false,"audioPlay":false,"sceneViewState":{"m_AlwaysRefresh":false,"showFog":true,"showSkybox":false,"showFlares":true,"showImageEffects":true,"showParticleSystems":true,"showVisualEffectGraphs":true,"m_FxEnabled":true},"in2DMode":false,"pivot":{"x":0.22783496975898744,"y":0.7804062962532044,"z":-0.4026727080345154},"rotation":{"x":-0.08874651789665222,"y":0.17741866409778596,"z":-0.016064442694187166,"w":-0.9800136089324951},"size":0.8660253882408142,"orthographic":false}